"Star_idx"|"STAR_NAME"|"DISTANCE"|"equivalent temperature"|"RELATIVE MASS"|"radius"|"Luminosity"|"star type"
1157|"Hurik"|403,869|2677|0,1|0,55|0,03|"M:6:V"
1504|"Lockdale"|40,357|2673|0,1|0,57|0,03|"M:3:V"
3064|"Union of Samoyedic Colonies"|897|2953|0,2|0,32|0,06|"M:2:V"
492|"Castor"|43,737|2559|0,3|0,43|0,04|"M:1:V"
617|"Crawford"|344,456|2653|0,3|0,14|0,04|"M:6:V"
2484|"Tannil"|134,807|2562|0,4|0,22|0,04|"M:7:V"
596|"Cordiagr"|192,582|5511|1|0,98|0,99|"G:2:V"
1719|"Mirach"|112,104|2775|0,3|0,1|0,02|"M:5:V"
1356|"Kingtribel"|146,125|2479|0,1|0,36|0,07|"M:4:V"
3091|"Star Cluster 65"|998,686|2654|0,4|0,63|0,02|"M:1:V"
2392|"St. John"|401,099|2593|0,2|0,66|0,07|"M:5:V"
367|"Borden"|374,284|5689|1|1,02|1,08|"G:3:V"
2610|"Tylarzka"|294,871|3911|0,5|0,84|0,09|"K:4:V"
1050|"Hanover"|400,763|3955|0,7|0,84|NA|"K:5:V"
2848|"Zuhbehr"|353,953|5796|0,9|0,96|0,63|"G:2:V"
2738|"Weippe"|441,667|3109|0,1|0,39|0,03|"M:2:V"
1593|"Manotick"|395,844|2849|0,1|0,23|0,06|"M:5:V"
2309|"Shimoda"|373,881|2785|0,4|0,43|0,02|"M:6:V"
2968|"Vinton"|1912,192|2659|0,4|0,38|0,02|"M:3:V"
2870|"Lummatii"|528,571|3505|0,3|0,44|0,02|"M:1:V"
2772|"Woodbine"|504,241|4073|0,6|0,93|0,32|"K:3:V"
632|"Culmia"|594,969|2808|0,3|0,3|0,05|"M:3:V"
1240|"Jatznik"|357,779|2600|0,3|0,65|0,03|"M:3:V"
473|"Cardff"|377,921|2611|0,4|0,68|0,06|"M:6:V"
681|"Delavan"|286,153|3105|0,3|0,2|0,04|"M:2:V"
2400|"Stardawn"|353,546|5719|1|1,04|0,77|"G:2:V"
1762|"Morrill"|397,281|2427|0,3|0,55|0,07|"M:6:V"
2991|"Falsterbo"|1143,813|2962|0,3|0,18|0,02|"M:2:V"
488|"Cascade"|228,139|2547|0,4|0,56|0,03|"M:5:V"
3163|"Pyrrhus"|491,769|2560|0,4|0,36|0,03|"M:7:V"
1864|"Nexus Ri"|466,121|3184|0,4|0,28|0,08|"M:3:V"
673|"Declan"|363,446|2908|0,4|0,17|0,03|"M:3:V"
2384|"Spencer"|489,507|5211|0,8|1,03|0,82|"G:2:V"
2661|"Vard"|362,643|2806|0,1|0,47|0,07|"M:4:V"
1023|"Gustrell"|471,382|3038|0,2|0,52|0,06|"M:4:V"
2135|"Remagen"|316,94|3393|0,1|0,53|0,06|"M:2:V"
2279|"Senftenberg"|208,994|4977|0,8|0,71|0,38|"K:0:V"
369|"Borgan's Rift"|425,268|3956|0,5|0,83|0,22|"K:7:V"
73|"Alioth"|60,559|2979|0,4|0,42|0,08|"M:2:V"
927|"Galuzzo"|251,434|3145|NA|0,68|0,02|"M:3:V"
164|"Arcadia"|268,762|4490|0,7|0,86|0,26|"K:2:V"
2360|"Small World"|52,168|4003|0,6|0,78|0,51|"K:3:V"
1987|"Paris"|197,591|4142|0,7|0,89|0,43|"K:5:V"
160|"Aquagea"|406,98|2725|0,3|0,17|0,04|"M:2:V"
1607|"Mariefred"|181,997|3065|0,2|0,46|0,05|"M:3:V"
3009|"Wismar"|1269,059|2863|0,2|0,64|0,03|"M:1:V"
1482|"Leskovik"|345,221|5600|0,9|0,96|1,13|"G:4:V"
471|"Carbonis"|181,908|2634|0,3|0,66|0,07|"M:2:V"
237|"Baggville"|451,862|2503|NA|0,24|NA|"M:1:V"
836|"Exedor"|208,309|3821|NA|0,83|0,14|"K:5:V"
732|"Donenac"|219,159|5367|0,9|1,03|0,76|"G:4:V"
2865|"Islington"|532,028|3448|0,4|0,1|0,07|"M:0:V"
1603|"Marawi"|272,134|3992|0,7|0,79|0,16|"K:2:V"
1451|"Lande"|508,116|2905|0,2|0,2|0,04|"M:3:V"
1873|"Ningxia"|444,213|3271|0,2|0,63|0,05|"M:1:V"
1568|"Maisons"|346,154|3400|0,1|0,54|0,05|"M:2:V"
2483|"Tania Borealis"|118,974|5235|0,8|1,12|1,25|"G:5:V"
676|"Dehgolan"|199,071|2466|0,4|0,12|0,07|"M:1:V"
3039|"Transfer Station P9"|1044,059|4283|0,6|0,75|0,5|"K:4:V"
628|"Cruz Alta"|437,402|5388|0,8|1|0,87|"G:2:V"
689|"Deneb Kaitos"|65,906|3944|0,5|0,74|0,22|"K:7:V"
500|"Cebalrai"|119,666|3882|0,7|0,75|0,21|"K:7:V"
2326|"Sialkot"|542,589|2590|0,1|0,43|0,07|"M:2:V"
1433|"Kyeinnisan"|181,145|3178|0,2|0,65|0,05|"M:1:V"
2708|"Waddesdon"|134,832|NA|0,5|0,72|0,15|"K:0:V"
654|"Damevang"|351,525|2710|0,2|0,32|0,05|"M:5:V"
1122|"Hoff"|266,707|2989|0,3|0,28|0,04|"M:2:V"
1133|"Hood"|456,982|5416|0,9|1|1,5|"G:5:V"
895|"Fort Loudon"|211,565|2643|0,2|0,64|0,05|"M:5:V"
1658|"Meglan"|286,714|NA|1|1,12|1,48|"G:2:V"
1720|"Mirage"|475,355|4171|0,7|0,84|0,4|"K:6:V"
1986|"Parian"|426,031|5011|0,5|0,89|0,36|"K:0:V"
2548|"Timehri"|395,6|2415|0,4|0,45|0,06|"M:6:V"
2659|"Vanra"|170,201|4569|0,6|0,72|0,54|"K:2:V"
3083|"Rest Stop"|865,853|NA|0,3|0,19|0,04|"M:0:V"
3049|"Dorian's Tears"|1201,703|2908|0,3|0,33|0,05|"M:2:V"
526|"Chatham"|308,745|4532|0,6|0,94|0,25|"K:3:V"
975|"Goito"|335,881|3196|0,3|0,69|0,01|"M:3:V"
3068|"Kefya"|1049,379|3752|0,8|0,8|NA|"K:7:V"
2029|"Pilon"|803,701|5322|0,9|0,98|0,79|"G:5:V"
635|"Curaumilla"|351,204|2495|0,4|0,57|0,08|"M:5:V"
2271|"Segerica"|407,856|3742|0,6|0,9|0,16|"K:4:V"
871|"Findal"|584,066|5248|0,8|0,98|NA|"G:5:V"
2216|"Salford"|527,031|3078|0,3|0,5|0,06|"M:2:V"
1267|"Jubka"|398,759|2545|0,2|0,39|0,03|"M:5:V"
568|"Clipperton"|322,215|2435|0,1|0,38|0,03|"M:8:V"
170|"Arganda"|158,986|2707|0,2|0,29|0,01|"M:4:V"
583|"Conakry"|342,513|5263|1|1,03|1,12|"G:3:V"
2927|"Úr Cruinne"|472,184|4095|0,6|0,78|0,49|"K:3:V"
2211|"Sakhalin"|153,58|2548|0,4|0,38|0,01|"M:1:V"
67|"Algate"|497,709|4751|0,7|0,84|0,25|"K:2:V"
185|"Arundel"|607,453|4315|0,8|0,91|0,43|"K:3:V"
578|"Colmar"|306,523|NA|0,2|0,2|0,08|"M:4:V"
1588|"Mangzhangdian"|447,895|2824|0,2|0,4|0,07|"M:2:V"
851|"Farcry"|545,254|4151|NA|0,84|0,29|"K:6:V"
3004|"Stettin"|1247,706|2829|0,1|0,16|0,05|"M:5:V"
1360|"Kirei Na Niwa"|332,215|2564|NA|0,53|0,05|"M:3:V"
2979|"Navarre"|1351,008|2904|0,4|0,7|0,04|"M:3:V"
2584|"Trimaldix"|586,71|2759|0,4|0,59|0,03|"M:6:V"
2509|"Tellman"|546,04|3257|NA|0,68|0,01|"M:2:V"
2942|"Gatekeeper"|1779,517|3862|0,6|0,72|0,32|"K:2:V"
838|"Fadiffolu"|343,874|3251|0,2|0,41|0,06|"M:3:V"
3055|"Kazlam"|1632,489|5361|0,9|1|1,24|"G:5:V"
2307|"Shibukawa"|217,167|3856|0,6|0,78|0,21|"K:6:V"
2478|"Tangerz"|190,998|3882|0,6|0,87|0,48|"K:7:V"
2264|"Schuyler"|386,845|4825|0,5|0,86|NA|"K:2:V"
1598|"Mao"|579,089|2793|0,2|0,48|0,04|"M:2:V"
2756|"Wilkes"|346,179|2966|0,4|0,08|0,01|"M:4:V"
454|"Camlann"|165,621|2650|0,3|0,69|0,02|"M:5:V"
1207|"Ipswich"|237,932|2813|0,4|0,4|0,06|"M:3:V"
865|"Fetsund"|507,533|2408|0,2|0,68|0,06|"M:6:V"
2298|"Shaunavon"|360,987|2750|0,4|0,57|0,08|"M:3:V"
899|"Frazer"|357,633|3789|0,6|0,88|0,59|"K:3:V"
1460|"Las Tunas"|743,898|5016|0,7|0,95|0,37|"K:0:V"
1332|"Kern"|404,238|2564|0,2|0,29|0,07|"M:5:V"
531|"Chenier"|582,044|2620|0,2|0,23|0,01|"M:4:V"
1396|"Kookens Pleasure Pit"|383,267|2674|0,1|0,32|NA|"M:5:V"
2805|"Yufu"|260,864|2414|0,3|0,26|0,04|"M:8:V"
55|"Albion"|318,584|2691|0,4|0,4|0,03|"M:3:V"
791|"Elix"|84,453|3753|0,5|0,95|0,11|"K:5:V"
737|"Dowles"|238,18|2513|0,1|0,62|0,06|"M:8:V"
2086|"Qarahta"|405,456|4206|0,6|0,77|0,35|"K:0:V"
2554|"Tiruppur"|346,676|2880|0,3|0,58|0,06|"M:2:V"
2565|"Tordenskjold"|591,644|4080|0,7|0,78|0,1|"K:5:V"
1444|"Lahti"|451,425|2607|NA|0,57|0,07|"M:2:V"
1677|"Menkent"|44,641|2781|0,4|0,49|0,08|"M:3:V"
148|"Antietam"|358,112|3358|0,3|0,29|0,03|"M:2:V"
573|"Coldbrook"|440,369|2830|0,4|0,18|0,03|"M:5:V"
1509|"Logres"|363,213|4078|0,7|0,94|0,31|"K:5:V"
2077|"Protection"|451,875|NA|0,7|0,76|NA|"K:2:V"
3005|"Stralsund"|983,017|4589|0,5|0,8|0,32|"K:1:V"
1257|"Johnsondale"|162,424|3591|0,4|0,39|0,02|"M:0:V"
1819|"New Caledonia"|409,831|4262|0,7|0,9|0,44|"K:5:V"
230|"Azur"|700,449|3166|0,1|0,34|0,07|"M:1:V"
1556|"MacLeod's Land"|422,64|NA|0,6|0,87|0,53|"K:5:V"
1867|"Nichol's Rest"|274,835|2995|0,4|0,5|0,01|"M:4:V"
1070|"Hazeldean"|441,447|4312|0,5|0,86|0,47|"K:2:V"
3133|"Franmalin"|629,866|NA|0,4|0,19|0,02|"M:6:V"
2977|"Granada"|1344,231|2544|0,3|0,11|0,07|"M:5:V"
159|"Apsalar"|575,065|5751|1|0,98|1,05|"G:2:V"
2458|"Syrma"|69,909|2832|0,2|0,16|0,06|"M:6:V"
2038|"Pleiades Cluster"|385,94|2539|NA|0,51|0,03|"M:2:V"
1299|"Karston"|277,256|3061|0,1|0,31|0,03|"M:2:V"
2076|"Proserpina"|161,889|3013|0,3|0,25|0,07|"M:2:V"
3065|"Illizi"|1037,204|2799|0,4|0,52|0,06|"M:5:V"
1758|"Moriguchi"|466,533|NA|0,1|0,58|0,08|"M:4:V"
1681|"Mercedes"|408,409|2661|0,4|0,09|0,07|"M:5:V"
1939|"Oliver"|32,57|2417|NA|0,08|0,03|"M:8:V"
2774|"Woogi"|470,401|2695|0,4|0,3|0,01|"M:4:V"
881|"Fletcher"|52,379|2602|0,3|0,32|0,03|"M:1:V"
2274|"Sekulmun"|305,878|4355|0,7|0,83|0,6|"K:4:V"
2990|"Elbing"|1167,529|3899|0,5|0,94|0,48|"K:6:V"
307|"Bergman's Planet"|276,328|2713|0,3|0,62|0,05|"M:2:V"
631|"Csomad"|517,606|3225|0,4|0,52|0,05|"M:3:V"
1084|"Heliat"|501,374|3068|0,3|0,12|NA|"M:1:V"
1524|"Loxley"|384,378|NA|0,3|0,43|0,07|"M:1:V"
2510|"Tellman's Mistake"|394,825|4751|0,6|0,77|0,54|"K:2:V"
3116|"Melidron"|1143,545|3730|0,6|0,75|0,53|"K:3:V"
455|"Cammal"|199,065|3007|0,2|0,44|0,03|"M:3:V"
524|"Charleywood"|276,572|2607|0,3|0,43|0,06|"M:2:V"
3164|"Tarragona"|525,572|2614|0,2|0,08|0,03|"M:7:V"
146|"Antares"|322,867|2419|0,2|0,45|0,04|"M:5:V"
2165|"Rockland"|445,231|4199|0,8|0,72|0,2|"K:2:V"
2042|"Pobeda"|309,392|2424|0,1|0,17|0,06|"M:5:V"
49|"Al Jafr"|413,007|2434|0,4|0,23|0,02|"M:2:V"
82|"Almach"|118,119|2887|0,3|0,07|0,01|"M:5:V"
2668|"Velhas"|287,136|2875|0,1|0,6|0,07|"M:0:V"
2156|"Rijeka"|352,036|2609|0,2|0,25|0,06|"M:2:V"
1684|"Merlynpede"|485,245|3911|NA|0,9|0,33|"K:3:V"
2356|"Skye"|76,743|4393|0,6|0,79|0,09|"K:2:V"
2048|"Pollux"|35,173|2406|0,2|0,36|0,08|"M:8:V"
309|"Bernardo"|96,943|3850|0,6|0,88|0,39|"K:2:V"
138|"Anguilla"|419,341|2642|0,2|0,26|0,01|"M:4:V"
1454|"Land's End"|518,428|4336|0,8|0,95|0,28|"K:5:V"
770|"Edirne"|546,306|4143|0,5|0,9|0,09|"K:3:V"
115|"Ambergrist"|270,737|NA|0,1|0,3|0,02|"M:2:V"
210|"Augusta"|299,14|4106|NA|0,81|0,14|"K:2:V"
1770|"Mumbai"|250,209|4075|0,5|0,88|0,21|"K:3:V"
2027|"Pike"|44,113|2796|0,3|0,26|0,06|"M:3:V"
2515|"Teniente"|359,19|2751|0,1|0,69|0,04|"M:6:V"
13|"Abushiri"|422,123|4011|0,5|0,84|0,37|"K:7:V"
3015|"Valerius"|478,527|2990|0,2|0,46|0,05|"M:0:V"
258|"Barcelona"|459,609|3857|0,5|0,96|0,42|"K:0:V"
2489|"Tapihue"|347,815|2620|0,4|0,22|0,02|"M:5:V"
950|"Gibbs"|255,686|3034|0,2|0,15|0,03|"M:3:V"
997|"Gravensteen"|257,231|2472|NA|0,11|0,07|"M:8:V"
2032|"Pingree"|211,805|2746|0,2|0,33|0,01|"M:5:V"
1634|"Maxwell"|393,956|2652|0,1|0,51|0,03|"M:5:V"
1929|"Okaya"|115,363|5542|1|1,03|NA|"G:2:V"
2441|"Susquehanna"|423,748|5591|0,9|1,14|0,71|"G:2:V"
2120|"Rapla"|419,917|2494|0,3|0,45|0,05|"M:3:V"
2352|"Skiland"|552,08|2776|0,1|0,49|0,03|"M:2:V"
964|"Glasgow"|217,489|3711|0,8|0,71|0,44|"K:7:V"
425|"Byesville"|360,972|4917|0,7|0,74|0,56|"K:0:V"
1275|"Kagoshima"|324,645|2811|0,2|0,12|0,02|"M:6:V"
1146|"Huaide"|473,488|4024|0,7|0,72|0,31|"K:5:V"
1176|"Ikast"|301,63|4511|0,7|0,82|0,12|"K:2:V"
2001|"Payvand"|376,287|2905|0,4|0,38|0,02|"M:5:V"
659|"Danli"|721,219|NA|0,3|0,23|0,02|"M:1:V"
3127|"Moroney"|517,095|2421|0,3|0,61|0,05|"M:4:V"
2759|"Wiltshire"|461,938|2462|0,3|0,17|0,03|"M:5:V"
2088|"Quantraine"|499,698|4005|0,8|0,88|0,57|"K:0:V"
2812|"Zalzangor"|421,9|5538|0,8|0,97|1,25|"G:2:V"
1128|"Homam"|155,234|5368|0,9|1,09|1,07|"G:2:V"
61|"Aldrecht"|174,724|2448|0,3|0,38|0,03|"M:0:V"
677|"Deia"|351,022|3191|0,3|0,1|0,06|"M:3:V"
382|"Branzoll"|271,234|4047|0,7|0,78|NA|"K:6:V"
718|"Dili"|304,312|3167|0,1|0,23|0,03|"M:3:V"
69|"Algol"|93,819|3181|0,4|0,4|0,06|"M:3:V"
1744|"Monistrol"|201,714|2530|0,1|0,68|0,04|"M:4:V"
1621|"Masterson"|185,794|4161|0,7|0,79|0,54|"K:5:V"
133|"Anembo"|427,152|5327|0,9|1,14|1,09|"G:5:V"
2512|"Tematagi"|380,055|4209|0,6|0,93|0,41|"K:5:V"
2322|"Shoreham"|250,439|2507|0,4|0,31|0,02|"M:1:V"
593|"Cor Caroli"|64,191|2517|0,3|0,16|0,03|"M:8:V"
2398|"Stanzach"|316,164|5512|0,9|1,08|0,76|"G:4:V"
756|"Duran"|300,32|3142|0,2|0,23|0,05|"M:3:V"
727|"Dol"|282,033|5672|0,9|1,03|1,15|"G:3:V"
1302|"Kathil"|226,802|2982|0,4|0,12|0,06|"M:2:V"
989|"Graham"|25,717|3295|0,4|0,4|0,02|"M:2:V"
3146|"Eliat"|514,729|3423|0,4|0,43|0,03|"M:1:V"
1144|"Hrafn"|660,835|5409|0,9|1,01|0,67|"G:5:V"
1708|"Milos"|232,493|5435|0,9|1,11|1,33|"G:4:V"
1006|"Grobin"|119,956|4147|0,6|0,85|0,48|"K:6:V"
1898|"Nouveau Toulouse"|290,756|2734|0,4|0,62|0,05|"M:3:V"
2748|"Westerstede"|268,316|3064|0,4|0,53|0,07|"M:0:V"
2929|"Albion"|1792,847|2573|0,1|0,18|0,02|"M:2:V"
2174|"Ronel"|95,676|2444|0,1|0,32|0,05|"M:3:V"
1958|"Ottumwa"|399,975|NA|0,8|1,05|1,24|"G:4:V"
1140|"Housekarle"|278,876|2670|0,1|0,19|0,05|"M:5:V"
2847|"Zosma"|51,222|3892|0,6|0,85|0,32|"K:3:V"
2601|"Turin"|368,468|4180|0,5|0,78|NA|"K:2:V"
613|"Coventry"|339,78|NA|0,2|0,35|0,06|"M:2:V"
2833|"Zempoatlepetl"|253,688|NA|0,1|0,47|0,05|"M:5:V"
2898|"Drask's Den"|496,778|3539|0,2|0,16|0,06|"M:1:V"
1933|"Old Canton"|472,077|2784|0,1|0,3|0,05|"M:2:V"
1995|"Pattison"|590,181|3197|0,4|0,25|0,02|"M:2:V"
2122|"Rasalgethi"|216,273|3786|0,5|0,86|0,09|"K:6:V"
327|"Biloela"|351,51|4644|0,6|0,82|0,56|"K:2:V"
391|"Brighton"|215,403|3012|0,4|0,44|0,07|"M:4:V"
1791|"Najha"|214,127|3937|0,5|0,8|0,34|"K:7:V"
1037|"Halfway"|266,805|2851|0,1|0,29|0,05|"M:3:V"
3143|"Polybius"|465,266|3959|0,8|0,83|0,17|"K:5:V"
1321|"Kek"|185,746|3233|0,3|0,33|0,02|"M:3:V"
2310|"Shimonita"|124,883|2858|0,3|0,3|0,07|"M:5:V"
270|"Bassfield"|588,852|2672|0,1|0,12|0,06|"M:3:V"
2741|"Weitinger"|365,975|NA|0,1|0,37|0,03|"M:8:V"
2413|"Stewart"|130,008|4187|0,8|0,72|0,3|"K:6:V"
3131|"Carcri"|710,395|2674|0,2|0,18|0,06|"M:7:V"
719|"Dindatari"|466,713|5072|0,6|0,91|0,25|"K:0:V"
3173|"Winston"|1317,673|NA|0,3|0,07|0,03|"M:2:V"
1137|"Horsham"|387,483|3066|0,1|0,11|0,07|"M:0:V"
2320|"Shirotori"|190,552|3101|0,4|0,53|0,04|"M:4:V"
901|"Freedom"|125,455|5497|NA|0,97|0,6|"G:4:V"
2689|"Viluisk"|557,1|3065|0,4|0,5|0,06|"M:0:V"
782|"El Kerak"|375,541|3073|0,4|0,58|0,08|"M:3:V"
113|"Amber"|471,531|4379|0,8|0,75|0,23|"K:3:V"
3151|"Bellerophon"|468,476|2902|0,4|0,48|0,08|"M:2:V"
926|"Galtor"|207,431|2834|0,2|0,41|0,06|"M:5:V"
1991|"Pascagoula"|433,421|2556|0,2|0,11|0,04|"M:3:V"
807|"Enkoping"|171,594|2898|0,4|0,36|0,03|"M:3:V"
1374|"Klathan"|178,057|3880|0,5|0,89|0,5|"K:5:V"
771|"Edmondson"|353,987|2401|0,2|0,55|0,04|"M:6:V"
1771|"Mundrabilla"|270,55|4133|0,8|0,81|0,09|"K:3:V"
1438|"Labouchere"|264,076|3860|0,5|0,74|0,33|"K:2:V"
1180|"Illium"|485,719|2583|0,3|0,14|NA|"M:3:V"
535|"Chesterton"|135,698|2776|0,3|0,37|0,07|"M:4:V"
278|"Bayeux"|554,429|3014|0,2|0,18|0,03|"M:1:V"
1187|"Imbrial"|298,28|4451|0,8|0,87|0,45|"K:2:V"
1078|"Hegel"|271,031|2635|0,1|0,38|0,03|"M:7:V"
157|"Apostica"|166,39|2946|0,1|0,3|0,04|"M:3:V"
757|"Dustball"|285,97|4101|0,6|0,77|0,18|"K:4:V"
381|"Brailsford"|505,55|2588|0,2|0,33|0,04|"M:3:V"
841|"Fairfield"|292,551|2552|0,1|0,18|0,05|"M:7:V"
2828|"Zebrenaski"|304,234|4349|0,8|0,76|0,51|"K:2:V"
571|"Cohay"|610,144|5519|1|1,02|0,88|"G:2:V"
2075|"Propus"|184,226|2609|0,2|0,52|0,06|"M:5:V"
152|"Aomen"|323,666|2438|0,2|0,38|0,01|"M:2:V"
1525|"Loyalty"|268,853|2928|0,1|0,25|0,05|"M:4:V"
166|"Arc-Royal"|283,494|2866|0,4|0,08|0,03|"M:5:V"
91|"Alrakis"|84,276|3849|0,8|0,95|0,33|"K:3:V"
1796|"Nanking"|56,522|2799|0,2|0,07|0,05|"M:6:V"
2387|"Spittal"|349,575|3896|0,7|0,71|0,31|"K:7:V"
2254|"Sax"|374,603|3056|NA|0,31|0,05|"M:2:V"
664|"Darius"|214,789|2719|0,2|0,68|0,08|"M:4:V"
2161|"Robsart"|380,705|2651|0,4|0,39|0,01|"M:5:V"
1046|"Hamilton"|88,794|2817|0,3|0,47|0,07|"M:2:V"
809|"Entalun"|335,777|3272|0,2|0,41|0,04|"M:2:V"
1055|"Harlez"|531,345|2460|0,3|0,34|0,06|"M:2:V"
1013|"Grunwald"|225,298|2994|0,2|0,29|0,07|"M:4:V"
2012|"Périgueux"|352,384|3272|0,2|0,33|0,02|"M:2:V"
1388|"Kola"|513,527|4116|0,7|0,87|0,25|"K:3:V"
2876|"Pompey"|536,788|3818|0,5|0,87|0,37|"K:5:V"
2089|"Quarell"|234,588|5492|0,9|1,07|1,11|"G:5:V"
751|"Dumassas"|536,142|2775|NA|0,3|0,07|"M:1:V"
2208|"Saiph"|68,188|NA|0,8|0,97|0,72|"G:2:V"
1020|"Gunzburg"|290,51|5376|0,8|1,1|1,16|"G:5:V"
1218|"Itabaiana"|332,811|NA|0,2|0,1|0,05|"M:1:V"
188|"Asellus Australis"|151,527|3545|0,3|0,2|0,08|"M:0:V"
2203|"Sadalbari"|144,287|2807|0,4|0,6|0,07|"M:1:V"
1061|"Harsefeld"|143,095|NA|0,1|0,24|0,04|"M:5:V"
2228|"Santa-Ana"|698,225|2639|0,3|0,38|0,06|"M:5:V"
1043|"Halmyre Deans"|159,641|3551|0,1|0,4|0,07|"M:0:V"
3158|"Sacromonte"|462,34|2522|0,1|0,66|0,06|"M:1:V"
1101|"Herrmaz"|507,426|2407|0,2|0,27|0,02|"M:1:V"
2901|"Ferris"|509,384|5705|0,8|0,97|1,16|"G:2:V"
2197|"Saaremaa"|194,994|2607|0,3|0,63|0,04|"M:2:V"
2628|"Undra"|162,402|2433|0,2|0,21|0,06|"M:5:V"
3174|"Matteo"|328,476|2914|0,4|0,17|0,03|"M:1:V"
1569|"Malacca"|516,353|3339|0,3|0,54|0,07|"M:1:V"
2702|"Vorarlberg"|304,652|2495|0,4|0,24|0,08|"M:3:V"
2293|"Sharpe"|217,003|2915|0,2|0,19|0,03|"M:0:V"
738|"Dralkig"|528,922|2816|0,1|0,52|0,02|"M:2:V"
375|"Bougie"|549,755|2460|0,2|0,59|0,08|"M:5:V"
2213|"Sakuranoki"|324,442|NA|0,2|0,37|0,04|"M:3:V"
1663|"Meinrad"|401,763|2791|0,2|0,33|0,01|"M:2:V"
106|"Altoona"|550,585|4215|0,6|0,87|0,24|"K:5:V"
1241|"Jaumegarde"|171,526|5443|0,9|1,07|0,6|"G:4:V"
802|"Enchi"|411,702|2467|0,3|0,66|0,07|"M:8:V"
813|"Epsilon Eridani"|28,075|5518|1|1,01|1,4|"G:4:V"
451|"Cameron"|252,182|3964|0,5|0,82|0,18|"K:2:V"
2839|"Zinal"|527,101|4235|0,7|0,75|0,47|"K:2:V"
177|"Arluna"|436,74|2863|NA|0,22|0,01|"M:2:V"
1314|"Kazanka"|500,459|3301|0,2|0,35|0,06|"M:2:V"
2302|"Shenwan"|241,813|2796|0,3|0,36|0,02|"M:6:V"
2318|"Shiri"|670,763|2415|0,2|0,32|0,08|"M:3:V"
2641|"Vackisujfalu"|547,286|3811|0,7|0,76|0,32|"K:3:V"
1787|"Nahoni"|316,006|4344|0,6|0,73|0,52|"K:3:V"
1772|"Muphrid"|31,339|3965|0,8|0,92|0,49|"K:5:V"
1358|"Kirbyville"|509,729|2414|0,3|0,37|0,03|"M:4:V"
1401|"Koskenkorva"|520,55|2706|0,3|0,42|0,02|"M:2:V"
1369|"Kittery"|238,547|3004|0,2|0,64|0,05|"M:1:V"
2998|"Köln"|1009,557|3912|0,5|0,83|0,3|"K:6:V"
2572|"Tottori"|505,695|3817|0,7|0,81|0,1|"K:5:V"
2665|"Vecchio"|283,062|5373|0,8|1,09|1,39|"G:2:V"
555|"Chukchi"|202,057|2647|0,3|0,08|0,03|"M:5:V"
1290|"Kannon"|125,012|4624|0,7|0,73|0,21|"K:3:V"
1835|"New Hope"|117,871|4042|0,8|0,83|0,31|"K:5:V"
474|"Caria"|201,292|5399|0,9|1,03|1,09|"G:2:V"
2497|"Tatsuno"|256,6|2844|0,1|0,17|0,04|"M:1:V"
913|"Gabenstad"|530,542|3794|0,5|0,7|0,46|"K:5:V"
1364|"Kirkvåg"|323,62|4111|0,6|0,78|0,24|"K:6:V"
1087|"Helland"|546,974|5463|0,8|1,13|NA|"G:5:V"
1849|"New Sapporo"|533,851|3927|0,6|0,74|0,4|"K:5:V"
2952|"Lum"|1757,919|2701|0,1|0,29|0,05|"M:5:V"
1357|"Kinkaid"|457,257|4451|0,6|0,84|0,1|"K:3:V"
971|"Gniezno"|129,436|2947|0,3|0,13|0,04|"M:0:V"
641|"Cynthiana"|76,673|2483|0,1|0,64|NA|"M:5:V"
195|"Aspropirgos"|398,767|4151|0,7|0,72|0,45|"K:5:V"
1736|"Mogyorod"|433,593|5345|0,9|0,99|0,74|"G:2:V"
21|"Aconcagua"|334,065|2764|0,2|0,56|0,01|"M:4:V"
161|"Aquavita"|302,529|2973|0,4|0,1|0,06|"M:5:V"
974|"Goetville"|371,411|2559|0,2|0,66|0,01|"M:2:V"
132|"Anegasaki"|222,267|2716|0,2|0,33|0,06|"M:3:V"
2700|"Volders"|292,777|3882|0,6|0,84|0,49|"K:7:V"
1776|"Muroto"|280,403|2580|0,2|0,5|0,03|"M:1:V"
401|"Brockway"|417,507|4574|0,5|0,73|0,27|"K:0:V"
1656|"Meghy"|541,865|4029|0,8|0,83|0,3|"K:3:V"
985|"Götterdämmerung"|499,045|2574|0,4|0,3|0,02|"M:2:V"
2499|"Taumaturgo"|764,22|2430|0,4|0,17|0,07|"M:6:V"
2411|"Sterope"|484,401|4502|0,5|0,95|0,31|"K:4:V"
955|"Gillingham"|543,516|5242|0,9|1,05|1,22|"G:5:V"
1355|"Kimi"|413,929|2702|0,2|0,67|0,03|"M:3:V"
765|"Eaton"|138,705|3909|0,5|0,76|0,56|"K:3:V"
1080|"Heiligendreuz"|277,852|4574|0,6|0,84|0,23|"K:2:V"
1815|"New Athens"|143,019|5542|0,8|1,14|1,48|"G:2:V"
1717|"Miquelon"|414,989|2930|0,1|0,22|0,03|"M:2:V"
2490|"Taran's World"|509,069|2420|0,4|0,53|0,01|"M:5:V"
1323|"Kelenfold"|206,356|5365|1|0,96|0,74|"G:2:V"
1174|"Igualada"|311,943|4642|0,5|0,94|0,26|"K:2:V"
324|"Biegga"|426,852|4004|0,8|0,78|0,55|"K:7:V"
208|"Aucara"|344,905|2453|0,2|0,54|0,08|"M:7:V"
1657|"Megiddo"|613,31|2688|0,4|0,61|0,02|"M:6:V"
2343|"Sindalin"|354,593|3885|0,6|0,81|0,15|"K:5:V"
380|"Brabent"|259,561|2458|0,3|0,52|0,01|"M:4:V"
2087|"Qualip"|202,732|4744|0,6|0,88|0,19|"K:2:V"
1034|"Hainfeld"|268,861|2715|0,1|0,25|0,06|"M:2:V"
296|"Bellatrix"|355,774|5560|1|1,14|1,47|"G:2:V"
2250|"Savannah"|92,246|3916|0,7|0,74|0,15|"K:2:V"
234|"Bad News"|465,136|3150|0,1|0,59|0,07|"M:3:V"
149|"Antipolo"|285,096|5656|1|1,05|1,44|"G:2:V"
505|"Ceram"|546,033|5507|0,9|1,04|0,83|"G:4:V"
3121|"Rim Worlds Republic Outpost #11"|1635,14|3855|0,7|0,77|0,39|"K:7:V"
1271|"Junior"|399,621|3941|0,8|0,73|0,17|"K:4:V"
3135|"Hamar"|771,683|5304|0,9|0,96|0,75|"G:4:V"
1595|"Mansu-ri"|271,308|2867|0,4|0,27|0,06|"M:1:V"
2026|"Pietermaritzburg"|347,665|2455|0,2|0,6|0,04|"M:8:V"
413|"Bucklands"|464,408|2584|0,2|0,51|0,07|"M:2:V"
1047|"Hamilton"|268,352|2937|0,2|0,15|0,07|"M:4:V"
1247|"Jerangle"|477,006|3943|0,6|0,86|0,51|"K:5:V"
447|"Calseraigne"|367,76|3030|NA|0,1|0,07|"M:3:V"
562|"Cirebon"|301,512|3074|0,4|0,4|0,05|"M:3:V"
1855|"New Troy"|264,885|2466|0,3|0,11|0,01|"M:7:V"
1179|"Ilion"|286,752|2679|0,3|0,48|0,01|"M:2:V"
2711|"Waipahu"|466,09|2410|0,2|0,22|0,01|"M:8:V"
235|"Badlands"|550,708|4358|0,7|0,81|0,51|"K:1:V"
2144|"Repulse"|397,433|2515|0,3|0,64|0,06|"M:4:V"
939|"Garstedt"|402,291|2696|0,2|0,43|0,05|"M:5:V"
1296|"Karbala"|198,101|2858|0,4|0,11|0,02|"M:5:V"
2020|"Phalan"|135,839|3798|0,8|0,72|0,13|"K:5:V"
2006|"Pella"|229,061|2938|0,4|0,57|0,02|"M:3:V"
3088|"Shady Palms"|818,474|3859|0,7|0,77|0,29|"K:3:V"
1362|"Kirkenlaard"|201,043|2631|0,3|0,57|0,06|"M:2:V"
111|"Alyina"|366,636|2931|0,2|0,56|0,06|"M:5:V"
2191|"Rushaven"|518,464|2810|0,2|0,25|0,07|"M:2:V"
726|"Dobson"|205,89|4085|0,6|0,85|0,27|"K:5:V"
3100|"Hibernia"|992,235|3720|0,8|0,79|0,09|"K:7:V"
2521|"Texlos"|294,114|3726|0,8|0,83|NA|"K:3:V"
2694|"Virentofta"|446,876|2737|0,3|0,22|0,02|"M:2:V"
105|"Altona"|508,068|3385|0,1|0,16|0,05|"M:2:V"
2220|"Saltville"|390,801|2514|0,4|0,23|0,05|"M:3:V"
2598|"Tuamotu"|299,675|2477|0,2|0,28|0,03|"M:3:V"
90|"Alpheratz"|525,519|3479|0,2|0,67|0,04|"M:1:V"
1732|"Mizunami"|416,294|2409|0,1|0,68|0,07|"M:4:V"
46|"Aix-la-Chapelle"|179,764|3737|0,5|0,8|0,44|"K:7:V"
1228|"Jacomarle"|382,846|5485|1|1,02|1,26|"G:2:V"
2681|"Vibrunum"|531,858|2667|0,3|0,36|0,04|"M:6:V"
663|"Dar-es-Salaam"|195,326|2596|0,2|0,15|0,02|"M:3:V"
1239|"Jászberény"|177,276|2985|0,4|0,63|0,04|"M:4:V"
1019|"Gunthar"|385,132|2736|0,2|0,47|0,06|"M:2:V"
1750|"Montour"|479,145|4576|0,5|0,83|0,17|"K:0:V"
1317|"Kearny"|302,615|3020|0,1|0,4|0,04|"M:0:V"
1887|"Noisiel"|342,071|4859|0,7|0,94|0,52|"K:2:V"
1337|"Keuterville"|416,175|3053|0,1|0,58|0,03|"M:1:V"
1739|"Mokpo"|321,189|2565|NA|0,66|0,06|"M:4:V"
761|"Dyfed"|248,172|5436|1|1,04|1,12|"G:4:V"
2403|"Steeles"|324,294|2648|0,2|0,25|0,05|"M:5:V"
2157|"Rio"|99,618|3082|0,2|0,6|0,05|"M:4:V"
294|"Bella"|263,04|5576|0,8|1,1|0,87|"G:2:V"
2947|"Hoard"|1880,135|2440|0,1|0,12|0,02|"M:3:V"
1636|"Mayetta"|405,366|2721|0,1|0,43|0,05|"M:4:V"
1153|"Hunan"|119,486|3167|0,2|0,41|0,01|"M:3:V"
900|"Fredotto"|587,427|2703|0,4|0,09|0,02|"M:0:V"
1039|"Halifax"|459,445|5239|0,9|1,09|0,92|"G:2:V"
1982|"Paradise"|271,17|2891|0,3|0,53|0,05|"M:5:V"
1740|"Molino"|479,669|2586|0,3|0,58|0,06|"M:4:V"
1479|"Lepaterique"|410,386|NA|NA|0,72|0,33|"K:5:V"
890|"Fomalhaut"|21,609|3800|0,6|0,89|0,42|"K:2:V"
1850|"New Sarna"|152,313|4306|0,6|0,78|0,26|"K:2:V"
3138|"Pegasi"|690,805|3038|0,2|0,43|0,03|"M:4:V"
129|"Andelys"|458,79|3988|0,7|0,74|0,1|"K:3:V"
2989|"Dortmund"|1072,368|4014|0,7|0,95|0,3|"K:6:V"
3071|"Nyamlell"|1011,133|4120|0,7|0,7|0,29|"K:6:V"
2556|"Tiskilwa"|232,043|5209|NA|1,01|1,09|"G:4:V"
298|"Belluevue"|79,895|5600|1|1|1,45|"G:2:V"
2591|"Trznadel Cluster"|485,686|2701|0,4|0,17|0,06|"M:2:V"
548|"Choex"|456,594|2562|0,2|0,53|NA|"M:5:V"
1688|"Mersa Matruh"|213,619|2854|0,4|0,58|0,02|"M:5:V"
364|"Booker"|429,513|2441|0,3|0,18|NA|"M:6:V"
2096|"Quimberton"|368,905|3890|0,5|0,82|0,13|"K:7:V"
482|"Carnwath"|103,787|2756|0,3|0,2|0,07|"M:2:V"
2504|"Tchamba"|335,189|3229|0,4|0,7|0,07|"M:2:V"
388|"Bremond"|392,65|3755|0,7|0,8|0,25|"K:7:V"
904|"Fronde"|251,67|4245|0,6|0,72|0,45|"K:0:V"
14|"Acala"|182,916|2586|0,4|0,49|0,01|"M:3:V"
80|"Allerton"|263,502|2939|0,1|0,68|0,06|"M:3:V"
2974|"Castile"|1288,895|3168|0,2|0,1|0,01|"M:3:V"
2978|"León"|1301,696|3233|0,3|0,45|0,06|"M:2:V"
2227|"Sanilac"|158,705|2752|0,4|0,43|0,02|"M:3:V"
2713|"Waldheim"|369,385|3064|0,3|0,18|0,02|"M:1:V"
658|"Daniels"|232,667|2673|0,2|0,7|0,07|"M:4:V"
1671|"Memphis"|579,783|3209|0,3|0,44|0,05|"M:3:V"
1655|"Megaris"|441,599|4135|0,5|0,73|0,4|"K:2:V"
2685|"Victralla"|442,245|2520|NA|0,56|0,06|"M:2:V"
558|"Cilvituk"|542,558|2858|0,2|0,59|0,05|"M:5:V"
1712|"Minderoo"|298,972|4017|0,7|0,89|0,38|"K:4:V"
3123|"Star Cluster 1108"|1962,697|3129|0,3|0,43|0,03|"M:0:V"
2637|"Urjala"|423,517|2964|0,1|0,48|0,04|"M:4:V"
1007|"Gronholt"|534,209|3277|0,2|0,08|0,03|"M:2:V"
2477|"Tancredi"|439,674|4337|0,5|0,81|0,09|"K:0:V"
1367|"Kitalpha"|148,516|4230|0,8|0,88|0,49|"K:0:V"
1517|"Loric"|233,599|5560|1|1,05|1,33|"G:4:V"
2332|"Sighisoara"|385,029|5499|1|1,01|1,39|"G:4:V"
595|"Corbeanca"|422,446|3959|0,6|0,87|0,37|"K:0:V"
2964|"Tathis"|1813,937|3890|0,5|0,92|0,17|"K:2:V"
542|"Chinmen Tao"|403,583|3962|0,7|0,86|0,52|"K:5:V"
2718|"Wapakoneta"|248,167|4526|0,7|0,93|0,44|"K:3:V"
2362|"Smolensk"|220,579|3042|0,1|0,5|0,05|"M:1:V"
2842|"Zlatousi"|480,441|2464|0,4|0,51|0,07|"M:2:V"
502|"Celebes"|140,327|2503|0,3|0,59|0,01|"M:3:V"
815|"Erdvynn"|454,059|2550|0,4|0,61|0,01|"M:3:V"
1208|"Irece"|344,391|2685|0,4|0,37|0,01|"M:2:V"
2587|"Trolloc Prime"|174,345|2856|0,2|0,31|0,05|"M:5:V"
1073|"Heart Fjord"|244,272|3440|0,1|0,69|0,06|"M:1:V"
1766|"Moultrie"|501,652|3236|0,1|0,39|0,05|"M:0:V"
1562|"Maharet"|277,245|2543|0,3|0,62|NA|"M:3:V"
2145|"Restitution"|401,265|2824|0,4|0,35|0,04|"M:4:V"
83|"Almunge"|429,394|4161|0,7|0,82|0,24|"K:0:V"
1077|"Hednesford"|431,594|2512|0,1|0,41|0,06|"M:8:V"
847|"Falsterbo"|225,756|4243|0,6|0,79|0,53|"K:5:V"
1398|"Korramabad"|521,303|2856|0,4|0,65|0,03|"M:5:V"
1861|"Newcastle"|276,04|2866|0,4|0,44|0,03|"M:3:V"
108|"Altorra"|263,51|3852|0,5|0,93|0,12|"K:4:V"
512|"Chagos"|347,407|3916|0,5|0,93|0,57|"K:5:V"
1075|"Hecheng"|425,815|3007|0,2|0,32|0,07|"M:1:V"
1521|"Lothan"|220,925|2645|0,4|0,54|0,04|"M:7:V"
2393|"St. Loris"|258,164|4854|0,6|0,95|0,3|"K:0:V"
1983|"Parakoila"|348,886|2783|0,4|0,29|0,07|"M:2:V"
2994|"Greifswald"|945,901|3814|0,5|0,72|0,32|"K:5:V"
2150|"Rhodos"|222,587|NA|0,6|0,9|0,49|"K:2:V"
2802|"Yorii"|22,621|4050|0,5|0,85|0,09|"K:3:V"
911|"Futuna"|283,493|2920|0,1|0,67|0,01|"M:3:V"
561|"Circinus"|394,259|3523|0,4|0,16|0,08|"M:1:V"
2658|"Vannes"|573,324|3306|0,2|0,67|0,03|"M:0:V"
2953|"Marshall"|1793,139|4202|0,8|0,85|0,59|"K:2:V"
2671|"Ventabren"|123,392|2423|0,4|0,46|0,08|"M:5:V"
62|"Alegro"|453,517|2730|0,2|0,22|0,05|"M:5:V"
493|"Castrovia"|252,965|2963|0,2|0,33|0,03|"M:3:V"
2480|"Tangua"|410,358|3702|0,7|0,96|0,08|"K:7:V"
2905|"Hellespont"|563,994|NA|0,7|0,81|0,34|"K:5:V"
341|"Blandinsville"|230,347|2450|0,2|0,17|0,06|"M:8:V"
601|"Cork"|529,768|2765|0,4|0,45|0,08|"M:3:V"
592|"Coopertown"|546,037|2843|0,3|0,13|0,02|"M:3:V"
1707|"Milnerton"|247,629|2929|0,2|0,46|0,07|"M:5:V"
1295|"Karakiraz"|364,621|2710|0,1|0,4|0,03|"M:4:V"
1882|"Noatak"|393,95|5339|1|0,97|1,23|"G:4:V"
2085|"Qandahar"|478,908|5565|1|1,07|1,07|"G:2:V"
3106|"Beehive Cluster"|816,864|2661|0,3|0,24|0,06|"M:2:V"
1245|"Jenet"|318,161|2629|0,3|0,16|0,01|"M:5:V"
2170|"Rollis"|411,883|5500|0,8|1,09|1,26|"G:2:V"
2895|"Davetal"|522,975|NA|0,4|0,09|0,07|"M:3:V"
1953|"Osmus Saar"|229,279|2569|0,2|0,47|0,04|"M:7:V"
1653|"Medzev"|259,667|2491|0,4|0,34|0,07|"M:7:V"
1501|"Ljugarn"|231,734|2618|0,3|0,66|0,07|"M:1:V"
1690|"Mesa Verde"|179,476|5515|0,9|1,15|0,72|"G:4:V"
494|"Cate's Hold"|476,77|2621|0,2|0,48|0,06|"M:5:V"
2291|"Shaobuon"|416,492|3420|0,4|0,52|NA|"M:0:V"
646|"Dagda"|247,737|2654|0,1|0,64|0,06|"M:5:V"
1997|"Paulding"|321,336|3086|0,4|0,11|0,01|"M:2:V"
374|"Bothwell"|483,17|2420|0,3|0,22|0,04|"M:2:V"
519|"Chanute"|464,329|2808|0,3|0,21|0,01|"M:5:V"
1589|"Manihiki"|266,902|4028|0,8|0,73|0,4|"K:0:V"
470|"Caracol"|483,507|4477|0,6|0,87|0,26|"K:2:V"
2885|"Blackbone"|499,083|2461|0,3|0,38|0,02|"M:7:V"
2949|"Ironhold"|1745,613|3812|0,6|0,73|0,56|"K:5:V"
3152|"Bonavista"|447,234|2907|0,4|0,09|0,06|"M:0:V"
2503|"Tazaraki"|319,649|2625|NA|0,6|0,03|"M:2:V"
2726|"Watermael"|356,312|4093|0,6|0,74|0,12|"K:3:V"
404|"Brookeland"|445,817|4264|0,6|0,72|0,4|"K:2:V"
747|"Duantia"|344,895|2644|0,4|0,15|0,01|"M:1:V"
709|"Dichell"|579,927|2804|0,4|0,58|0,03|"M:5:V"
2981|"Anklan"|1163,436|3086|0,1|0,61|0,06|"M:1:V"
683|"Dell"|336,45|2586|0,3|0,25|0,07|"M:5:V"
2930|"Babylon"|1605,647|4286|0,6|0,86|0,21|"K:5:V"
385|"Braunton"|270,161|2698|0,2|0,21|0,08|"M:3:V"
3078|"Drachenfeld"|1187,328|3896|0,7|0,83|0,5|"K:3:V"
16|"Accrington"|145,319|2446|0,4|0,19|0,04|"M:8:V"
2522|"Teylingen"|434,567|3210|0,3|0,56|0,04|"M:2:V"
2652|"Valmiera"|230,514|2859|0,3|0,45|0,02|"M:2:V"
101|"Alterf"|256,113|2881|0,3|0,64|0,06|"M:5:V"
176|"Arlington"|234,954|5576|0,9|0,98|1,32|"G:2:V"
2730|"Waypoint"|522,306|4293|0,5|0,93|0,23|"K:5:V"
572|"Colchester"|305,568|3838|0,6|0,81|0,38|"K:6:V"
261|"Barras"|354,801|2514|0,2|0,19|0,06|"M:8:V"
54|"Albert Falls"|291,568|3070|0,2|0,42|0,06|"M:1:V"
983|"Goshen"|164,609|2549|0,1|0,13|0,04|"M:4:V"
1381|"Ko"|47,487|5517|1|0,98|1,5|"G:2:V"
2294|"Sharqah"|366,158|2776|0,4|0,42|0,07|"M:5:V"
1185|"Ilzra"|397,87|5507|0,9|1,06|0,66|"G:5:V"
2034|"Piriapolis"|371,71|2918|0,3|0,61|0,06|"M:3:V"
1461|"Last Chance"|503,18|2506|0,1|0,07|0,05|"M:5:V"
1718|"Mira"|115,735|3181|0,4|0,33|0,08|"M:1:V"
1081|"Helbrent"|427,121|2933|0,3|0,59|0,05|"M:4:V"
2640|"Vaajakoski"|197,836|2739|0,1|0,35|0,06|"M:4:V"
2201|"Sackville"|411,845|3759|0,7|0,74|0,13|"K:3:V"
1492|"Lindenmarle"|436,198|2852|0,3|0,2|0,07|"M:4:V"
2992|"Gateway"|965,99|3296|0,1|0,54|0,01|"M:1:V"
759|"Duxfort"|405,632|2816|0,4|0,59|0,03|"M:3:V"
92|"Alrescha"|97,906|3197|0,2|0,29|0,03|"M:1:V"
2317|"Shira"|739,367|2631|0,1|0,7|0,07|"M:1:V"
958|"Girondas"|448,547|2775|0,4|0,19|0,01|"M:1:V"
1641|"McComb"|229,639|3404|0,4|0,45|0,05|"M:2:V"
2454|"Sylvester"|381,048|5530|1|1,11|NA|"G:4:V"
849|"Fanardir"|415,782|3166|0,1|0,41|0,07|"M:2:V"
1780|"Muswell"|291,781|2953|0,3|0,19|0,01|"M:5:V"
1746|"Monroe"|405,723|NA|0,4|0,47|0,05|"M:2:V"
2798|"Yeguas"|324,335|5517|0,9|1,05|1,42|"G:5:V"
801|"Emris"|173,88|2674|0,4|0,11|0,08|"M:3:V"
1159|"Hustaing"|251,749|5473|1|1,14|1,14|"G:2:V"
1979|"Panpour"|450,36|3764|0,5|0,95|0,42|"K:6:V"
1558|"Maderas"|365,382|4412|0,7|0,86|0,48|"K:2:V"
3094|"The Swan's Eye"|889,671|5473|1|1,03|1,15|"G:4:V"
1745|"Monongahela"|233,826|2722|0,3|0,29|0,04|"M:0:V"
408|"Brundage"|406,505|3119|0,1|0,13|0,01|"M:2:V"
2178|"Rosepine"|584,626|4169|0,6|0,75|0,28|"K:6:V"
218|"Avellaneda"|100,437|3198|0,4|0,17|0,04|"M:3:V"
2622|"Ulubis"|607,488|2483|0,2|0,5|0,05|"M:2:V"
3170|"Hallelujah"|1177,918|5103|0,5|0,76|0,56|"K:0:V"
1723|"Mississauga"|370,667|2729|0,2|0,16|0,06|"M:0:V"
1870|"Niihau"|250,668|3918|NA|0,79|0,39|"K:6:V"
2260|"Schiedam"|359,472|4542|0,6|0,9|0,15|"K:2:V"
1413|"Krievci"|320,018|3509|0,1|0,2|0,05|"M:1:V"
2877|"Stafford"|522,429|2796|0,4|0,14|0,05|"M:4:V"
2836|"Zhaomaon"|428,931|NA|0,2|0,51|0,04|"M:5:V"
479|"Carmen"|266,01|4103|0,7|0,76|0,09|"K:5:V"
810|"Enzesfled"|401,763|4594|0,6|0,96|0,55|"K:2:V"
2984|"Braunschweig"|1093,747|4507|NA|0,8|0,49|"K:2:V"
606|"Corydon"|220,061|3398|0,1|0,16|0,03|"M:0:V"
2288|"Sevren"|316,388|4410|0,5|0,8|0,53|"K:2:V"
3103|"New Delphi"|993,684|NA|0,3|0,42|0,03|"M:2:V"
2516|"Tentativa"|462,242|2809|0,3|0,18|0,01|"M:4:V"
127|"Andalusia"|406,284|4304|0,7|0,79|0,08|"K:5:V"
1687|"Merowinger"|608,18|5348|1|1,08|1,07|"G:4:V"
1236|"Jardine"|220,671|2839|0,1|0,49|0,02|"M:3:V"
1761|"Morrigan"|340,803|2406|0,4|0,32|0,04|"M:8:V"
667|"Davisville"|482,089|2553|0,2|0,62|0,03|"M:7:V"
870|"Fincastle"|361,983|5238|0,9|1,09|1,45|"G:4:V"
1214|"Isfahan"|488,312|2459|0,3|0,61|0,02|"M:8:V"
2987|"Danzig"|1064,164|4456|0,6|0,92|0,15|"K:2:V"
1384|"Kockengen"|187,347|4627|0,7|0,89|0,09|"K:2:V"
2946|"Hellgate"|1843,769|2410|0,3|0,38|0,04|"M:4:V"
1560|"Madras"|332,806|2526|0,1|0,54|0,05|"M:8:V"
1304|"Katla"|346,193|2536|0,2|0,22|0,05|"M:7:V"
1854|"New Syrtis"|376,217|2507|0,3|0,17|NA|"M:1:V"
3107|"Chaffee"|1779,52|3140|0,3|0,65|0,06|"M:1:V"
2678|"Versailles"|222,488|2508|0,2|0,21|0,03|"M:0:V"
1714|"Minette"|484,203|2715|0,2|0,08|0,08|"M:1:V"
969|"Glevakha"|367,433|5524|0,9|1,05|0,91|"G:4:V"
772|"Edwards"|135,992|3123|0,3|0,09|0,07|"M:0:V"
2345|"Sirdar"|334,587|3170|0,1|0,65|0,04|"M:2:V"
2007|"Pencader"|354,437|3793|0,6|0,87|0,21|"K:5:V"
604|"Corridan"|127,263|2616|0,4|0,21|0,07|"M:7:V"
1488|"Liezen"|380,778|4201|0,6|0,91|0,4|"K:5:V"
429|"Caerlaverock"|490,109|4000|0,7|0,79|0,28|"K:5:V"
2414|"Stirling"|460,492|2443|0,4|0,47|0,07|"M:8:V"
312|"Beta Mensae"|342,469|2962|0,3|0,28|0,02|"M:5:V"
348|"Blueys"|670,64|2933|0,1|0,45|0,04|"M:1:V"
1510|"Loikaw"|755,668|2752|0,4|0,63|0,07|"M:3:V"
980|"Gorfynt"|541,875|3955|0,8|0,81|0,37|"K:7:V"
1618|"Marsalle"|334,917|3265|0,3|0,09|0,05|"M:3:V"
1685|"Mermentau"|522,843|3119|0,3|0,69|0,07|"M:4:V"
2519|"Tetschner"|307,793|3935|0,5|0,9|0,57|"K:6:V"
3045|"Argondale"|1104,532|3195|0,4|0,47|0,05|"M:2:V"
1561|"Maestu"|291,07|3766|0,5|0,84|0,13|"K:0:V"
2373|"Somerset"|454,587|2405|0,2|0,65|0,05|"M:3:V"
953|"Gienah"|183,531|2760|0,3|0,29|0,05|"M:3:V"
671|"De Berry"|451,018|NA|0,7|0,71|0,41|"K:5:V"
1754|"Moravian"|171,522|2421|0,2|0,49|0,03|"M:5:V"
399|"Brocchi's Cluster"|419,509|2457|0,2|0,15|0,07|"M:3:V"
265|"Baryshevo"|422,225|2651|0,2|0,54|0,04|"M:5:V"
1246|"Jeppens"|600,4|4078|0,7|0,81|0,09|"K:5:V"
299|"Benedict"|473,428|3747|0,6|0,94|0,37|"K:1:V"
1155|"Huntington"|437,327|2457|0,3|0,67|0,03|"M:0:V"
459|"Canal"|486,867|4317|0,7|0,74|0,18|"K:5:V"
244|"Ballad"|537,639|2513|0,3|0,12|NA|"M:6:V"
304|"Bentley"|233,865|2703|0,4|0,37|0,07|"M:4:V"
2050|"Pondicherry"|467,442|4293|0,5|0,9|0,35|"K:0:V"
2653|"Valois"|612,48|2516|0,2|0,52|0,06|"M:8:V"
2582|"Tresspass"|589,45|3367|0,4|0,53|0,07|"M:1:V"
1329|"Kentares"|149,985|2692|0,2|0,51|0,08|"M:3:V"
2133|"Reisterstown"|349,102|2528|0,4|0,34|0,01|"M:8:V"
1539|"Luthien"|301,403|2574|0,4|0,47|0,02|"M:5:V"
2003|"Peacock"|229,088|4228|0,7|0,77|0,27|"K:2:V"
1315|"Kaznejoy"|355,14|2674|0,2|0,43|0,02|"M:5:V"
2571|"Totness"|686,633|NA|0,2|0,63|0,01|"M:3:V"
2149|"Reykavis"|464,532|3026|0,3|0,67|0,05|"M:3:V"
766|"Ebensburg"|383,58|2710|0,4|0,32|0,02|"M:3:V"
2306|"Shiba"|331,187|5307|0,9|1,08|0,81|"G:5:V"
396|"Bristol"|190,865|3960|0,7|0,74|0,49|"K:6:V"
2459|"Syrstart"|605,417|2807|0,4|0,18|0,02|"M:6:V"
2262|"Schmitt"|527,197|5431|0,9|0,99|1,46|"G:4:V"
2033|"Pinnacle"|436,836|3954|0,5|0,76|0,49|"K:5:V"
2699|"Voehn"|630,055|4878|NA|0,77|0,53|"K:0:V"
1324|"Kempten"|311,377|3119|0,3|0,33|0,03|"M:3:V"
1547|"Lyreton"|424,809|3042|0,1|0,34|0,08|"M:1:V"
2423|"Sturganos"|373,577|2527|0,1|0,19|0,04|"M:5:V"
2010|"Perdido"|460,796|2682|0,2|0,53|0,05|"M:4:V"
2284|"Setubal"|241,592|5312|1|1,01|0,93|"G:4:V"
2404|"Steelton"|435,374|3804|0,6|0,88|0,13|"K:7:V"
1911|"Nuneaton"|364,28|4183|0,6|0,73|0,39|"K:3:V"
1354|"Kimball"|105,922|2580|0,4|0,27|0,03|"M:2:V"
343|"Blida"|293,304|NA|NA|0,32|0,05|"M:3:V"
764|"Early Dawn"|438,543|2991|0,2|0,47|0,08|"M:4:V"
2770|"Wolof"|337,413|2732|0,2|0,5|0,06|"M:2:V"
806|"Enif"|517,167|5477|0,9|1,01|1,09|"G:4:V"
2951|"Londerholm"|1873,158|2539|0,1|0,31|0,01|"M:1:V"
1390|"Kolobrzeg"|137,987|2609|0,3|0,44|0,04|"M:4:V"
3007|"Tomalov"|1025,026|3211|0,1|0,34|0,04|"M:2:V"
1670|"Memmingen"|308,667|2701|0,4|0,44|0,02|"M:3:V"
1495|"Linhauiguan"|426,015|3099|0,2|0,18|0,04|"M:2:V"
150|"Anywhere"|466,992|4299|0,6|0,7|0,17|"K:1:V"
1255|"Jodipur"|475,603|2456|0,3|0,63|0,02|"M:2:V"
110|"Alya"|100,16|5499|1|1,03|0,63|"G:5:V"
988|"Graceland"|265,811|2783|0,4|0,48|0,08|"M:6:V"
2660|"Vantaa"|358,933|5465|1|1|1,01|"G:3:V"
919|"Galax"|309,773|3268|0,4|0,32|0,07|"M:0:V"
2328|"Sichuan"|114,02|5550|1|1,11|1,35|"G:4:V"
1425|"Kurragin"|203,261|5540|NA|1,03|1,08|"G:4:V"
499|"Ceará"|391,473|3135|0,2|0,48|0,06|"M:3:V"
2237|"Saravan"|331,428|3020|0,4|0,7|0,01|"M:1:V"
1737|"Mohács"|323,03|5370|0,9|0,97|0,65|"G:5:V"
496|"Cavalor"|392,55|3253|0,4|0,6|0,08|"M:2:V"
360|"Bonaire"|106,001|3118|0,1|0,68|0,07|"M:3:V"
2804|"Ype-Jhu"|688,329|3306|0,2|0,53|0,05|"M:2:V"
112|"Ambatomainty"|722,916|2850|0,3|0,44|0,02|"M:1:V"
1757|"Morges"|316,541|3487|0,2|0,3|0,08|"M:1:V"
1902|"Novo Franklin"|670,721|2402|0,2|0,37|0,07|"M:2:V"
686|"Demeter"|114,954|5672|0,9|1|1,13|"G:2:V"
2797|"Yed Prior"|138,676|2823|0,2|0,11|0,06|"M:4:V"
1913|"Nusakan"|55,526|4094|0,7|0,71|0,36|"K:3:V"
1844|"New Praha"|204,488|2876|0,4|0,2|0,04|"M:5:V"
445|"Calloway"|207,871|5449|0,8|1|0,63|"G:2:V"
2635|"Uravan"|274,551|NA|0,3|0,6|0,01|"M:1:V"
407|"Bruben"|388,51|2622|0,3|0,54|0,01|"M:7:V"
2849|"Zumbo"|729,844|3718|0,5|0,9|0,4|"K:2:V"
1475|"Leipsic"|324,924|4781|0,5|0,91|0,37|"K:2:V"
1452|"Landfall"|450,912|3461|NA|0,63|0,05|"M:0:V"
2379|"Sorunda"|139,055|5536|0,8|1,08|1,39|"G:2:V"
2864|"Horatius"|558,005|4321|0,7|0,71|0,46|"K:2:V"
1584|"Mandate"|154,096|2474|0,2|0,28|0,02|"M:7:V"
168|"Ardoz"|250,096|3332|0,2|0,65|0,01|"M:1:V"
1596|"Manteno"|202,418|2925|NA|0,32|0,07|"M:5:V"
432|"Caillinius"|556,052|4605|0,6|0,83|0,15|"K:2:V"
1191|"Inarcs"|448,404|2431|0,1|0,36|0,05|"M:1:V"
2639|"Uzhgorod"|221,412|4232|0,8|0,91|0,44|"K:4:V"
1379|"Knutdor"|242,812|4516|0,6|0,73|0,27|"K:0:V"
2391|"St. Ives"|240,779|2868|0,4|0,28|0,04|"M:4:V"
1288|"Matahari"|257,944|5338|NA|1,08|0,62|"G:2:V"
305|"Beowulf"|522,195|2579|0,2|0,52|0,02|"M:5:V"
2620|"Ullieri"|307,778|3944|0,7|0,73|0,54|"K:2:V"
2621|"Ulsan"|336,939|5587|1|1,07|1|"G:4:V"
1752|"Monywa"|438,588|2633|0,3|0,48|0,05|"M:3:V"
2936|"Barcella"|1896,522|2812|0,3|0,6|0,05|"M:3:V"
2680|"Viborg"|472,097|2561|0,1|0,38|0,03|"M:3:V"
769|"Edasich"|154,458|2677|0,4|0,48|0,07|"M:7:V"
545|"Chisholm"|50,997|5657|NA|1,05|1,43|"G:2:V"
2183|"Royal"|226,948|2547|0,2|0,53|0,04|"M:4:V"
1440|"Lacadon"|190,406|3894|0,6|0,81|0,5|"K:5:V"
3126|"Able's Glory"|553,461|5444|1|1,1|1,18|"G:2:V"
266|"Basalt"|72,239|2509|0,3|0,28|0,05|"M:1:V"
2249|"Saunemin"|252,457|3070|0,3|0,67|0,08|"M:2:V"
124|"Anaheim"|432,199|2423|0,4|0,36|0,07|"M:2:V"
1111|"Hillerod"|191,249|3275|0,3|0,56|0,07|"M:2:V"
2809|"Zacatecoluca"|443,085|3702|NA|0,78|0,18|"K:7:V"
3041|"Trinity"|801,009|2994|0,3|0,14|0,07|"M:3:V"
347|"Blue Sava"|74,657|3044|0,2|0,49|0,06|"M:2:V"
1968|"Paches"|210,407|3941|0,8|0,85|NA|"K:7:V"
1903|"Novo Tressida"|522,458|2842|0,1|0,6|NA|"M:5:V"
2955|"Niles"|1710,975|2600|0,4|0,64|0,07|"M:1:V"
1328|"Kent"|704,97|NA|0,4|0,42|0,07|"M:2:V"
2205|"Safe Port"|316,904|3775|0,7|0,82|NA|"K:7:V"
3130|"Appian"|468,816|3955|0,7|0,86|0,42|"K:7:V"
1630|"Maule"|247,314|2758|0,1|0,18|0,08|"M:2:V"
353|"Bobruisk"|336,545|3808|0,5|0,85|0,35|"K:1:V"
3136|"Hofn"|810,982|3122|0,2|0,43|0,08|"M:0:V"
557|"Ciampino"|371,123|2670|0,3|0,65|0,02|"M:5:V"
1544|"Lynchburg"|364,022|5212|1|1,05|0,97|"G:4:V"
923|"Gallery"|225,874|4314|0,7|0,72|0,52|"K:5:V"
2152|"Richvale"|326,784|2672|0,1|0,45|0,05|"M:1:V"
675|"Defiance"|438,118|3252|0,2|0,2|0,03|"M:0:V"
2451|"Swartklip"|487,555|4046|0,7|0,9|0,35|"K:2:V"
2297|"Shaun"|332,358|5530|0,8|1,07|1,36|"G:4:V"
414|"Buckminster"|155,649|2660|0,3|0,37|0,06|"M:0:V"
1411|"Kreller"|357,934|2455|0,3|0,51|0,03|"M:4:V"
778|"Eion"|377,699|3120|0,3|0,16|0,06|"M:4:V"
52|"Alarion"|348,457|5447|0,9|1,03|0,81|"G:4:V"
3122|"Saggina"|2093,491|2759|0,4|0,57|0,04|"M:5:V"
1106|"Hiberius"|517,127|2448|0,2|0,62|0,01|"M:8:V"
2395|"Staffin"|207,096|2429|0,4|0,35|0,06|"M:4:V"
2749|"Westfield"|259,004|5363|1|1,03|1,41|"G:2:V"
3099|"Helvetia"|994,56|2805|0,4|0,54|0,03|"M:5:V"
943|"Gei-Fu"|207,247|4332|0,8|0,95|0,41|"K:3:V"
3086|"Rim Worlds Republic Outpost #7"|1631,332|2627|0,3|0,57|0,06|"M:4:V"
803|"Enders Cluster"|452,549|5499|1|1,04|1,16|"G:2:V"
42|"Agmond"|419,991|2789|0,2|0,42|0,06|"M:2:V"
331|"Birqash"|383,362|2756|0,1|0,51|0,05|"M:4:V"
1917|"Obrenovac"|384,352|NA|0,1|0,17|0,05|"M:1:V"
2682|"Vicente"|454,397|2646|0,4|0,14|0,07|"M:3:V"
589|"Constance"|440,558|5409|1|1,1|0,99|"G:2:V"
1352|"Killbourn"|14,06|NA|0,4|0,25|0,04|"M:5:V"
615|"Coyle"|659,147|3878|0,7|0,92|0,39|"K:6:V"
717|"Dijonne"|537,835|3822|0,6|0,85|0,14|"K:3:V"
504|"Centavido"|449,868|4544|NA|0,77|0,53|"K:2:V"
2461|"Szombathely"|200,74|2927|0,3|0,39|NA|"M:3:V"
290|"Belaire"|432,578|NA|0,1|0,7|0,07|"M:5:V"
1021|"Gurnet"|249,28|5406|0,9|1,07|1,09|"G:2:V"
3096|"Belgae"|978,662|2837|0,2|0,37|0,04|"M:5:V"
2246|"Satalice"|260,842|2776|0,3|0,43|0,07|"M:2:V"
721|"Dirkel"|533,914|4156|0,5|0,85|0,4|"K:4:V"
1912|"Nunivak"|373,058|4489|0,6|0,94|0,41|"K:2:V"
1674|"Menkalinan"|70,618|3189|NA|0,52|0,05|"M:3:V"
3062|"Tansalir"|1633,759|2543|0,4|0,43|0,08|"M:5:V"
272|"Bastrop"|566,773|2917|0,3|0,33|0,01|"M:3:V"
516|"Chamdo"|152,636|4567|0,8|0,81|0,12|"K:3:V"
1818|"New Britain"|47,967|2714|0,3|0,21|0,02|"M:4:V"
2021|"Phecda"|74,468|3259|0,3|0,28|0,04|"M:2:V"
2095|"Quilino"|358,63|2840|0,4|0,53|0,02|"M:5:V"
158|"Apriki"|211,528|4284|0,6|0,82|0,55|"K:5:V"
355|"Boeotia"|210,767|3290|0,4|0,27|0,06|"M:1:V"
2394|"St. Robert"|434,616|4302|0,6|0,75|0,19|"K:2:V"
603|"Coromodir"|475,527|3195|0,3|0,31|0,06|"M:2:V"
2540|"Thurrock"|389,33|4225|0,5|0,82|0,31|"K:5:V"
2340|"Simferopol"|360,327|4209|0,5|0,92|NA|"K:5:V"
2586|"Tripoli"|206,455|2682|0,2|0,22|0,07|"M:3:V"
533|"Cheriton"|409,696|2816|0,4|0,58|0,08|"M:6:V"
2501|"Tawas"|146,757|2460|0,2|0,3|0,04|"M:8:V"
2813|"Zambezi"|431,563|3182|0,4|0,26|0,07|"M:3:V"
962|"Glabach"|456,417|2830|0,2|0,37|0,01|"M:3:V"
2269|"Second Chance"|131,766|5531|0,9|1,12|1,33|"G:5:V"
1693|"Mezzana"|367,429|5275|0,9|1,13|1,35|"G:5:V"
1522|"Lothario"|509,453|2930|0,4|0,12|0,03|"M:3:V"
897|"Franklin"|250,969|2631|0,4|0,32|NA|"M:7:V"
2781|"Wyatt"|67,775|4384|0,8|0,93|0,14|"K:2:V"
1643|"McHenry"|198,33|3338|0,1|0,6|0,03|"M:1:V"
1576|"Malibu"|404,844|4512|0,8|0,81|0,15|"K:3:V"
209|"August"|169,534|2901|0,3|0,36|0,08|"M:4:V"
2219|"Saltural"|256,829|4621|0,5|0,88|0,14|"K:3:V"
1936|"Oli"|203,745|2636|NA|0,08|0,05|"M:1:V"
2261|"Schirmeck"|399,065|3852|0,6|0,84|0,12|"K:1:V"
1908|"Nullarbor"|296,271|2902|0,2|0,6|0,04|"M:5:V"
2751|"Westphalia"|162,613|3937|0,8|0,81|0,47|"K:3:V"
1964|"Ovan"|208,056|2486|0,4|0,31|0,01|"M:8:V"
452|"Cameron"|240,573|3042|0,1|0,63|0,04|"M:3:V"
2634|"Upano"|291,766|2673|0,2|0,08|0,06|"M:5:V"
2469|"Talitha"|48,665|3828|0,8|0,74|0,1|"K:2:V"
2561|"Tok Do"|202,554|3099|0,4|0,22|0,05|"M:2:V"
1541|"Luxen"|504,406|2906|0,3|0,7|0,05|"M:3:V"
1310|"Kaus Media"|80,461|2524|0,2|0,47|0,06|"M:0:V"
2988|"Dorpat"|1147,906|3488|0,4|0,29|NA|"M:1:V"
991|"Gran"|342,166|2708|0,3|0,12|0,03|"M:2:V"
1232|"Janina"|479,25|5575|0,9|1,12|1,33|"G:2:V"
1675|"Menkar"|129,257|5533|1|1|1,16|"G:2:V"
2697|"Virtue"|408,863|4327|0,5|0,78|0,39|"K:3:V"
825|"Estuan"|501,303|2638|0,3|0,16|0,03|"M:2:V"
1893|"Northfield"|289,448|2753|0,4|0,38|0,04|"M:3:V"
2430|"Suk"|257,777|2905|0,1|0,41|0,02|"M:5:V"
1344|"Kiamba"|250,143|3276|0,2|0,69|0,03|"M:2:V"
89|"Alphecca"|77,664|2420|0,1|0,39|0,06|"M:8:V"
2181|"Rosiclare"|481,316|3148|0,1|0,16|0,08|"M:3:V"
1760|"Morningside"|171,72|2916|0,2|0,35|0,01|"M:0:V"
1825|"New Damascus"|343,162|NA|0,2|0,11|0,07|"M:3:V"
2025|"Pierce"|462,658|3185|0,3|0,59|0,06|"M:3:V"
1941|"Omagh"|260,814|NA|0,9|1,07|0,84|"G:4:V"
1052|"Hansii"|368,483|4064|0,5|0,88|0,33|"K:5:V"
651|"Dalkeith"|159,905|2705|0,3|0,52|0,04|"M:1:V"
2962|"Strato Domingo"|1880,689|2976|0,2|0,25|0,03|"M:3:V"
1424|"Kurhah"|118,435|2541|0,1|0,4|0,03|"M:8:V"
125|"Anatolia"|513,542|2716|0,4|0,57|0,03|"M:2:V"
1008|"Grootfontein"|143,209|4023|0,7|0,96|0,42|"K:2:V"
2715|"Wallacia"|270,573|3927|0,5|0,84|0,57|"K:4:V"
2856|"Addhara"|531,91|3931|0,6|0,72|0,12|"K:1:V"
2068|"Principia"|357,85|3363|0,3|0,51|0,04|"M:0:V"
1910|"Numki"|206,969|3077|0,3|0,28|0,07|"M:2:V"
1033|"Hahira"|559,194|2800|NA|0,54|0,04|"M:4:V"
1126|"Holmsbu"|445,66|2671|0,3|0,49|0,05|"M:2:V"
2612|"Ubangi"|563,399|3151|0,1|0,48|0,08|"M:0:V"
2416|"Stonarboi"|325,195|NA|0,1|0,27|0,07|"M:1:V"
3098|"Halkidik"|1002,899|2603|0,2|0,36|0,01|"M:1:V"
1520|"Lothair"|429,578|2647|0,1|0,17|0,07|"M:5:V"
2492|"Tarkio"|317,42|2975|0,3|0,4|0,07|"M:4:V"
3020|"Ctesiphon"|1093,331|4502|0,7|0,7|0,51|"K:2:V"
2761|"Windsor"|390,421|2828|0,3|0,32|0,07|"M:6:V"
2004|"Pec"|273,978|2603|0,1|0,29|0,06|"M:5:V"
2198|"Sabanillas"|468,222|4692|0,8|0,8|0,48|"K:3:V"
2909|"Lastpost"|719,1|2458|0,4|0,25|0,08|"M:2:V"
1638|"Mazdru"|334,621|2785|0,1|0,52|0,04|"M:1:V"
2609|"Tybalt"|92,25|2882|0,3|0,08|0,06|"M:4:V"
695|"Deschenes"|310,081|2640|0,3|0,51|0,03|"M:2:V"
2054|"Port Vail"|546,183|2535|0,4|0,47|0,02|"M:5:V"
724|"Dneiper"|525,276|3993|0,7|0,87|0,43|"K:4:V"
1518|"Lorkdal"|543,522|5729|0,9|0,97|0,8|"G:2:V"
2366|"Snowdon"|587,903|2511|0,4|0,49|0,06|"M:5:V"
6|"Abbeville"|607,212|3129|0,4|0,19|0,05|"M:2:V"
2124|"Rastaban"|264,981|5362|0,8|1,13|1,12|"G:2:V"
1738|"Mokane"|427,644|2748|0,3|0,31|0,05|"M:5:V"
1614|"Markesan"|233,831|2515|0,3|0,27|0,08|"M:8:V"
1935|"Oldsmith"|318,905|2504|0,4|0,49|0,06|"M:4:V"
2966|"Tokasha"|1731,797|2656|0,1|0,25|0,05|"M:5:V"
1628|"Mattisskogen"|366,096|2432|0,2|0,59|0,07|"M:4:V"
200|"Atlas"|290,432|3710|0,6|0,96|0,36|"K:6:V"
1499|"Lipton"|34,466|2519|0,4|0,18|0,04|"M:5:V"
36|"Afarsin"|428,482|3359|0,2|0,58|0,07|"M:1:V"
1648|"Meadowvale"|349,275|2809|0,3|0,17|0,08|"M:3:V"
2932|"Dagda"|1609,301|5385|0,8|0,99|0,71|"G:5:V"
2424|"Sturgis"|422,565|2525|0,2|0,43|0,06|"M:3:V"
518|"Chandler"|212,535|5453|0,8|1,02|0,79|"G:2:V"
2525|"Thannhausen"|292,173|4071|0,7|0,83|0,5|"K:3:V"
2840|"Zindao"|263,598|2481|0,4|0,54|0,05|"M:7:V"
594|"Coraines"|527,511|3313|0,3|0,14|0,05|"M:2:V"
1920|"Odawara"|355,238|5444|1|1,12|1,37|"G:2:V"
2937|"Bearclaw"|1729,998|2612|0,4|0,58|0,03|"M:4:V"
2420|"Stratford"|527,715|2441|0,3|0,69|0,05|"M:3:V"
1988|"Park Place"|114,805|5205|1|1,09|1,02|"G:2:V"
1400|"Kosciusko"|316,105|3856|0,5|0,82|0,11|"K:6:V"
1828|"New Florence"|91,356|2706|0,4|0,19|0,01|"M:3:V"
1462|"Last Frontier"|396,168|3996|0,7|0,74|0,26|"K:7:V"
2723|"Warrumbungle"|275,376|3945|0,7|0,91|0,17|"K:7:V"
1066|"Hastur"|410,805|3777|0,8|0,87|0,57|"K:4:V"
2815|"Zanderij"|319,656|2790|0,3|0,17|0,02|"M:4:V"
2333|"Sigma Mare"|315,003|NA|NA|0,33|0,01|"M:1:V"
478|"Carmelita"|786,3|2493|0,3|0,54|0,02|"M:1:V"
2166|"Rockwellawan"|487,954|NA|0,1|0,57|0,05|"M:4:V"
2443|"Sutama"|153,458|2531|0,3|0,51|NA|"M:8:V"
225|"Axton"|170,277|2895|0,4|0,67|0,07|"M:3:V"
968|"Glentworth"|341,741|3767|NA|0,88|0,59|"K:3:V"
2488|"Tapachula"|336,271|2822|0,4|0,39|0,01|"M:0:V"
2950|"Kirin"|1837,467|2429|NA|0,52|0,02|"M:6:V"
560|"Ciotat"|171,593|2767|0,2|0,69|0,05|"M:6:V"
2116|"Ramora"|501,188|2563|0,2|0,36|0,01|"M:5:V"
2654|"Van Diemen"|53,046|2625|0,4|0,1|0,06|"M:2:V"
1989|"Parma"|363,588|3445|0,2|0,1|0,03|"M:0:V"
630|"Csesztreg"|397,4|2639|0,1|0,08|0,05|"M:4:V"
1661|"Meinacos"|357,168|3345|0,4|0,25|0,02|"M:0:V"
2062|"Premana"|371,655|3194|0,3|0,14|0,03|"M:1:V"
8|"Aberystwyth"|434,937|2841|0,3|0,43|0,04|"M:4:V"
1069|"Haynesville"|462,104|3381|0,3|0,21|0,02|"M:2:V"
1863|"Newtown Square"|454,59|3091|0,2|0,21|0,05|"M:2:V"
1105|"Hexare"|235,219|2491|0,4|0,24|0,07|"M:5:V"
1262|"Joshua"|638,782|2686|NA|0,53|0,05|"M:2:V"
2431|"Sulafat"|190,491|2591|0,2|0,43|0,02|"M:2:V"
2339|"Simancas"|417,603|5216|1|1,1|1,26|"G:3:V"
609|"Coudoux"|423,261|2907|0,1|0,22|0,04|"M:4:V"
409|"Brusett"|409,833|2942|0,4|0,55|0,06|"M:0:V"
1696|"Michtal"|620,463|4608|0,5|0,75|0,2|"K:3:V"
607|"Cosenza"|363,777|2979|0,1|0,33|0,07|"M:2:V"
2055|"Portland"|516,729|2610|0,4|0,11|0,01|"M:7:V"
3047|"Caesar's Crown"|665,716|3240|0,3|0,17|NA|"M:2:V"
2313|"Shinonoi"|96,401|2749|0,3|0,19|0,03|"M:6:V"
437|"Caldrea"|196,249|2689|0,4|0,22|0,07|"M:2:V"
1807|"Nekkar"|134,329|2928|0,2|0,29|0,05|"M:4:V"
638|"Cusset"|288,041|2971|0,2|0,27|0,05|"M:4:V"
1361|"Kirkcaldy"|159,557|2936|NA|0,29|0,08|"M:5:V"
1148|"Huanghuadian"|434,243|5264|0,9|0,98|NA|"G:4:V"
1609|"Marik"|109,575|3085|0,3|0,59|0,04|"M:3:V"
1378|"Kluane"|279,713|5503|1|1,04|1,42|"G:5:V"
2768|"Wokha"|770,124|3111|0,4|0,57|0,08|"M:1:V"
2022|"Pherkad"|222,22|5410|1|1,11|0,96|"G:2:V"
636|"Cursa"|352,409|2450|0,4|0,66|0,08|"M:3:V"
1606|"Marfik"|105,768|2787|0,3|0,66|0,04|"M:5:V"
238|"Bahl's Retreat"|221,821|4150|0,6|0,86|0,53|"K:2:V"
2175|"Rosamond"|181,753|2791|0,2|0,6|0,05|"M:6:V"
126|"Ancha"|83,676|4757|0,6|0,93|0,54|"K:2:V"
2185|"Royalston"|262,551|3190|0,1|0,64|0,07|"M:3:V"
2429|"Suianheer"|486,613|5554|0,9|1,13|1,18|"G:5:V"
864|"Ferris"|597,296|3273|0,4|0,58|0,03|"M:2:V"
908|"Fukuroi"|173,854|5616|0,8|1,12|1,32|"G:2:V"
29|"Adhafera"|117,08|3586|0,1|0,11|0,02|"M:0:V"
2330|"Sierpc"|291,602|3913|0,7|0,89|0,08|"K:6:V"
936|"Ganshoren"|164,004|4023|0,5|0,88|0,23|"K:3:V"
212|"Auldhouse"|148,251|2606|0,1|0,42|0,02|"M:7:V"
3169|"Graystone"|1255,592|3473|0,2|0,3|0,01|"M:0:V"
2940|"Delios"|1805,006|2450|0,3|0,37|0,07|"M:1:V"
987|"Gouderak"|373,44|NA|0,2|0,38|0,01|"M:4:V"
855|"Fatima"|178,492|2696|0,2|0,35|NA|"M:5:V"
2975|"Córdoba"|1343,139|4180|0,7|0,93|0,32|"K:5:V"
2456|"Symsonia"|496,055|2891|0,3|0,36|0,06|"M:1:V"
2917|"Placida"|504,699|2716|0,1|0,51|0,04|"M:3:V"
1563|"Mahone"|385,404|2915|0,1|0,34|0,03|"M:3:V"
1779|"Muskegon"|192,158|2728|0,3|0,37|0,07|"M:2:V"
1079|"Heidelburg"|590,922|3878|0,7|0,88|0,4|"K:6:V"
337|"Black Earth"|433,006|2678|0,3|0,39|0,08|"M:2:V"
2406|"Stein's Folly"|256,243|2910|0,1|0,36|0,04|"M:1:V"
1814|"New Aragon"|112,307|2436|0,3|0,66|0,04|"M:3:V"
2405|"Steinhatchee"|531,084|4758|0,7|0,87|0,25|"K:2:V"
2064|"Pressville"|645,184|2544|0,3|0,68|0,01|"M:1:V"
731|"Donegal"|242,166|NA|0,9|1|1,45|"G:2:V"
1382|"Kobe"|281,853|3804|0,8|0,74|NA|"K:5:V"
1426|"Kurvasa"|353,826|2888|0,1|0,16|0,07|"M:3:V"
2013|"Perkasie"|194,354|3060|0,2|0,42|0,05|"M:2:V"
2280|"Senorbi"|376,698|4322|0,6|0,72|0,33|"K:3:V"
1387|"Kokpekty"|511,715|2526|0,4|0,48|NA|"M:4:V"
581|"Columbine"|353,98|4131|0,5|0,91|0,27|"K:3:V"
1478|"Leoben"|407,373|3992|0,7|0,84|0,44|"K:7:V"
2973|"Asturias"|1317,469|2709|0,4|0,52|0,03|"M:6:V"
1136|"Hornir's Keep"|260,551|3077|0,1|0,37|NA|"M:0:V"
729|"Domeyko"|717,551|2632|0,4|0,61|0,06|"M:3:V"
775|"Eidsfoss"|164,441|2541|0,4|0,18|0,02|"M:5:V"
2589|"Trondheimal"|463,951|3044|0,3|0,25|0,04|"M:4:V"
378|"Bowang"|353,084|3064|0,4|0,31|0,06|"M:2:V"
403|"Bromhead"|409,885|3166|0,2|0,25|0,05|"M:2:V"
752|"Dunianshire"|504,089|3827|0,7|0,94|0,51|"K:5:V"
3118|"Mizdargh"|1397,117|2427|0,4|0,48|0,07|"M:8:V"
2517|"Terra Firma"|40,454|2507|0,4|0,29|0,08|"M:5:V"
2245|"Sartu"|453,73|2501|0,2|0,11|NA|"M:8:V"
629|"Cryfder"|517,129|5804|0,9|1,08|1,26|"G:2:V"
491|"Cassias"|327,554|3484|0,3|0,5|0,02|"M:0:V"
1734|"Modesto"|554,978|2438|0,3|0,68|0,02|"M:3:V"
1134|"Hoonaar"|531,413|2870|0,4|0,36|0,05|"M:1:V"
2233|"Saonara"|357,058|2908|0,4|0,58|0,05|"M:3:V"
645|"Dabih"|102,806|5361|0,9|0,96|NA|"G:2:V"
3115|"Leviathans Rest"|1926,368|2653|0,2|0,61|0,02|"M:2:V"
1202|"Inner End"|592,086|3971|0,8|0,8|0,15|"K:6:V"
2823|"Zavijava"|31,804|4032|0,6|0,75|NA|"K:5:V"
1613|"Markab"|100,317|2983|0,1|0,25|0,05|"M:4:V"
2536|"Thraxa"|496,608|2743|0,4|0,15|0,05|"M:2:V"
214|"Austerlitz"|530,094|2930|0,2|0,56|0,01|"M:5:V"
325|"Biham"|80,662|5273|0,9|0,98|1,12|"G:2:V"
193|"Ashkum"|150,856|3820|0,6|0,77|0,14|"K:5:V"
1481|"Lesalles"|165,267|2665|0,2|0,66|NA|"M:7:V"
3112|"Horgens"|1209,767|3082|0,1|0,64|NA|"M:0:V"
2814|"Zanbasa"|557,47|3828|0,6|0,89|0,52|"K:2:V"
1175|"Iijima"|288,222|5374|1|1,08|1,12|"G:4:V"
951|"Gibraltar"|385,851|2535|NA|0,64|0,07|"M:1:V"
268|"Basiliano"|343,42|2402|0,4|0,27|0,02|"M:0:V"
986|"Goubellat"|388,164|2669|0,4|0,31|0,01|"M:4:V"
1970|"Pajarito"|485,93|3032|0,3|0,64|0,07|"M:4:V"
553|"Chouli"|334,009|3225|0,2|0,52|0,03|"M:3:V"
1892|"Norn"|399,746|2744|0,4|0,14|0,05|"M:5:V"
755|"Durabon"|522,547|4354|0,7|0,93|0,18|"K:3:V"
1226|"Jabuka"|221,254|2419|0,3|0,19|0,02|"M:7:V"
361|"Bondurant"|169,039|2593|0,2|0,38|0,04|"M:7:V"
1194|"Indicass"|259,328|2420|0,2|0,41|0,01|"M:0:V"
263|"Bartrock"|608,951|NA|0,4|0,4|0,06|"M:5:V"
120|"Ammon"|659,668|5770|0,9|1,07|0,89|"G:2:V"
1513|"Lone Star"|50,631|3710|0,6|0,86|0,29|"K:5:V"
804|"Engadin"|337,095|4379|0,7|0,91|0,29|"K:2:V"
59|"Aldebaran"|69,028|3829|0,5|0,73|0,35|"K:2:V"
3018|"Bazaar"|755,254|3176|0,4|0,23|0,02|"M:2:V"
2900|"Farstar"|606,022|2902|0,1|0,37|0,01|"M:3:V"
1004|"Greypearl"|527,032|3719|0,6|0,9|0,57|"K:6:V"
3048|"Doggerbank"|1033,575|2840|0,3|0,47|0,06|"M:3:V"
532|"Chennai"|374,326|2486|0,1|0,54|0,03|"M:2:V"
2081|"Pusht-i-rud"|510,364|4652|0,7|0,76|0,32|"K:3:V"
2126|"Redfield"|254,73|2662|0,4|0,37|0,02|"M:7:V"
1031|"Haggard"|480,751|3815|0,7|0,91|0,6|"K:0:V"
1944|"Orbisonia"|215,934|4168|0,6|0,75|0,45|"K:2:V"
283|"Beckars"|526,153|3048|0,1|0,19|0,07|"M:1:V"
888|"Flychenia"|208,019|2673|0,1|0,62|0,07|"M:2:V"
1976|"Pandora"|249,55|2542|0,1|0,5|0,03|"M:6:V"
2083|"Qalzi"|465,835|2787|NA|0,69|0,07|"M:5:V"
1129|"Home"|323,295|2570|0,1|0,3|0,03|"M:3:V"
2043|"Pocologan"|453,672|4066|0,6|0,93|0,23|"K:5:V"
2687|"Vikindu"|289,802|2924|0,4|0,34|NA|"M:4:V"
1253|"Jilin"|115,103|4185|0,7|0,96|0,08|"K:6:V"
15|"Acamar"|55,235|2550|0,4|0,62|0,03|"M:0:V"
2507|"Tedibyhr"|139,973|5207|0,9|1,05|1,32|"G:2:V"
1831|"New Gascony"|712,261|3933|0,8|0,85|0,3|"K:7:V"
2143|"Rentz"|578,851|2836|0,2|0,23|0,01|"M:2:V"
282|"Beauvais"|540,24|4090|0,7|0,92|0,38|"K:1:V"
2481|"Tanh Linh"|249,237|3093|0,2|0,3|0,01|"M:3:V"
2445|"Svalstad"|525,709|3105|0,1|0,22|0,03|"M:1:V"
187|"Ascella"|77,285|2510|0,3|0,32|0,05|"M:5:V"
1095|"Herbania"|480,47|3768|0,5|0,85|0,34|"K:2:V"
1183|"Ilmachna"|108,502|2615|0,2|0,33|0,06|"M:5:V"
477|"Carmacks"|299,777|2769|0,2|0,37|NA|"M:0:V"
1494|"Ling"|128,8|4739|0,6|0,94|0,27|"K:2:V"
2832|"Zelski"|536,198|3252|0,4|0,52|0,04|"M:3:V"
712|"Die Moot"|415,323|5035|0,6|0,86|0,14|"K:0:V"
1152|"Hun Ho"|285,115|3115|0,3|0,34|0,05|"M:0:V"
1532|"Ludwig"|179,422|3174|0,1|0,47|0,01|"M:1:V"
2000|"Payia"|408,009|4515|0,6|0,9|0,31|"K:3:V"
1428|"Kuzuu"|70,486|NA|0,7|0,82|0,12|"K:2:V"
1028|"Haddings"|46,185|2940|0,2|0,28|0,06|"M:2:V"
1071|"Hazelhurst"|553,938|3974|0,6|0,84|0,54|"K:6:V"
2743|"Weldon"|439,52|3013|0,2|0,44|0,03|"M:2:V"
81|"Alma Alta"|261,38|2440|0,4|0,51|0,05|"M:2:V"
2346|"Sirius"|8,267|3033|0,2|0,24|0,04|"M:3:V"
1110|"Hildaman"|192,933|2506|0,2|0,09|0,05|"M:5:V"
2321|"Shitara"|96,549|2655|0,4|0,67|0,06|"M:5:V"
657|"Daneshmand"|194,869|3962|0,5|0,94|0,26|"K:3:V"
85|"Gamma Sagittarius"|116,052|5212|0,9|1,09|0,99|"G:5:V"
3089|"Star Cluster 1108"|1988,435|5557|0,8|1,06|1,04|"G:4:V"
515|"Chalouba"|311,958|2469|0,1|0,2|0,05|"M:2:V"
2422|"Streator"|265,155|3236|0,1|0,44|0,01|"M:2:V"
2696|"Viroflay"|596,98|3042|0,1|0,38|0,05|"M:2:V"
2919|"Regis Roost"|468,121|2969|0,3|0,25|0,04|"M:2:V"
1350|"Kilbourne"|573,439|2558|0,4|0,48|0,04|"M:0:V"
1942|"Onverwacht"|697,57|2887|0,3|0,24|0,05|"M:5:V"
1666|"Melilla"|572,121|2638|0,3|0,27|0,05|"M:3:V"
1195|"Indrapurai"|567,628|4012|0,7|0,88|0,15|"K:7:V"
714|"Dieron"|19,265|4417|0,5|0,9|0,53|"K:3:V"
11|"Abramkovo"|332,106|3622|NA|0,1|0,05|"M:0:V"
723|"Dixie"|254,729|2838|0,1|0,08|NA|"M:5:V"
335|"Bjarred"|475,666|2759|0,2|0,14|0,01|"M:2:V"
476|"Carlisle"|317,67|2945|0,2|0,59|0,04|"M:3:V"
1064|"Hassad"|163,391|5313|0,8|1,12|1,31|"G:5:V"
